model,MAE,MSE,RMSE,R2
xgb_reg_final,0.056140028021085114,0.007455887981767281,0.08634748393420205,0.9933184380093713
