model,MAE,MSE,RMSE,R2
xgb_reg_final,0.5945202634875307,0.694368282450398,0.8332876348838965,0.35526878787158533
