model,MAE,MSE,RMSE,R2
xgb_reg_final,0.612838921623758,0.7407155166432974,0.8606483118227197,0.3362109712517879
